[
    {
        "outputFileName": "wwwroot/js/MySite.min.js",
        "inputFiles": [
            "wwwroot/js/site.js"
        ],
        "minify": {
            "enabled": true,
            "renameLocals": true
        },
        "includeInProject": true
    },
    {
        "outputFileName": "wwwroot/css/MySite.min.css",
        "inputFiles": [
            "wwwroot/css/Usersite.css",
            "wwwroot/lib/bootstrap/dist/css/bootstrap.css"
        ],
        "minify": {
            "enabled": true,
            "renameLocals": true
        },
        "includeInProject": true
    }
]